RollNo,Name,Section,Email,Phone
AIDSU24001,AASAWARI SUNIL CHAUDHARI,B1,aasawari.chaudhari@example.com,9123456001
AIDSU24002,ACHAL MILIND DANDGE,B1,achal.dandge@example.com,9123456002
AIDSU24003,ANUSHKA KANTESHWAR BHOYAR,B1,anushka.bhoyar@example.com,9123456003
AIDSU24004,BHAKTI KAILASRAO KANER,B1,bhakti.kaner@example.com,9123456004
AIDSU24005,CHETANA RAJESH TAKARKHEDE,B1,chetana.takarkhede@example.com,9123456005
AIDSU24006,DHANI VINOD JAWANJAL,B1,dhani.jawanjal@example.com,9123456006
AIDSU24007,KHUSHI GANESH TIKHILE,B1,khushi.tikhile@example.com,9123456007
AIDSU24008,KIMAYA KHANDEKAR,B1,kimaya.khandekar@example.com,9123456008
AIDSU24009,KRUSHNALI VIJAYSOLANKE,B1,krushnali.vijaysolanke@example.com,9123456009
AIDSU24010,MANAVI PRAMODRAO BANNAGARE,B1,manavi.bannagare@example.com,9123456010
AIDSU24011,POOJA KAILAS UBHAD,B1,pooja.ubhad@example.com,9123456011
AIDSU24012,PRANJALI SANJAYRAO BHUJADE,B1,pranjali.bhujade@example.com,9123456012
AIDSU24013,PRISHITA SHAMAL BAGDE,B1,prishita.bagde@example.com,9123456013
AIDSU24014,PRIYA SANTOSH INGOLE,B1,priya.ingle@example.com,9123456014
AIDSU24015,SAHILIARVIND BALPANDE,B1,sahili.balpande@example.com,9123456015
AIDSU24016,SAI RAJESH DALVI,B1,sai.dalvi@example.com,9123456016
AIDSU24017,SALONI PRADIP WARHEKAR,B1,saloni.warhekar@example.com,9123456017
AIDSU24018,SAMRUDDHI JITENDRA MORE,B1,samruddhi.more@example.com,9123456018
AIDSU24019,SAVARI PRADIP RANGARI,B1,savari.rangari@example.com,9123456019
AIDSU24020,SHRUTI MAHESH BHASME,B1,shruti.bhasme@example.com,9123456020
AIDSU24021,TULIKA ANIL DESHMUKH,B1,tulika.deshmukh@example.com,9123456021
AIDSU24022,VAIBHAVI SHANKAR TADAS,B1,vaibhavi.tadas@example.com,9123456022
AIDSU24023,VAIDEHI RAJESH RAUT,B1,vaidehi.raut@example.com,9123456023
AIDSU24024,VAISHNAVI RAJESH MANKAR,B1,vaishnavi.mankar@example.com,9123456024
AIDSU24025,VASUNDHARA SANJAY SISODIYA,B1,vasundhara.sisodiya@example.com,9123456025
AIDSU24026,VEDSHRI SHRIKRUSHNA THAROKAR,B1,vedshri.tharokar@example.com,9123456026
AIDSU24027,ABHISHEK GAJANAN ANDHALE,B1,abhishek.andhale@example.com,9123456027
AIDSU24028,ADITYA HEMANT DESHMUKH,B1,aditya.deshmukh@example.com,9123456028
AIDSU24029,AMAY SANDIP CHINCHMALATPURE,B1,amay.chinchmalatpure@example.com,9123456029
AIDSU24030,ANAND VINOD INGLE,B1,anand.ingle@example.com,9123456030
AIDSU24031,ANSHUL RAJESH HOLE,B1,anshul.hole@example.com,9123456031
AIDSU24032,ANUJ SANTOSH KEDIA,B1,anuj.kedia@example.com,9123456032
AIDSU24033,ATHARVA SANTOSH PATIL,B1,atharva.patil@example.com,9123456033
AIDSU24034,AVESH KHAN SALIM KHAN,B1,avesh.khan@example.com,9123456034
AIDSU24035,AYUSH SATISHRAO KURHADE,B1,ayush.kurhade@example.com,9123456035
AIDSU24036,CHANDRASHEKHAR SARTHAK BAHE,B1,chandrashekhar.bahe@example.com,9123456036
AIDSU24037,DARSHAN BHARAT MISHRA,B1,darshan.mishra@example.com,9123456037
AIDSU24038,GANESH CHHATRAPATI KARHALE,B1,ganesh.karhale@example.com,9123456038
AIDSU24039,HARSHAL PRAVIN KAKADE,B1,harshal.kakade@example.com,9123456039
AIDSU24040,HITEN JITENDRA MESHRAM,B1,hiten.meshram@example.com,9123456040
AIDSU24041,JAY YASHWANT KHALELKAR,B1,jay.khalelkar@example.com,9123456041
AIDSU24042,KAMIL KHAN ARIF KHAN,B1,kamil.khan@example.com,9123456042
AIDSU24043,LALIT KAILAS JAISWAL,B1,lalit.jaiswal@example.com,9123456043
AIDSU24044,MANDAR GAJANAN TAYDE,B1,mandar.tayde@example.com,9123456044
AIDSU24045,MAYUR SAMADHAN PALASPAGAR,B1,mayur.palaspagar@example.com,9123456045
AIDSU24046,MOHAN NARENDRA TARAPURE,B1,mohan.tarapure@example.com,9123456046
AIDSU24047,OM HARIVIJAY MADHAPURE,B1,om.madhapure@example.com,9123456047
AIDSU24048,OM MURLIDHAR MASODKAR,B1,om.masodkar@example.com,9123456048
AIDSU24049,PAVAN BALASAHEB KAVITKAR,B1,pavan.kavitkar@example.com,9123456049
AIDSU24050,PAVAN HARIKISAN RATHOD,B1,pavan.rathod@example.com,9123456050
AIDSU24051,PIYUSH HARIDAS WAVGE,B1,piyush.wavge@example.com,9123456051
AIDSU24052,RAUNAK MANIK BHUSARE,B1,raunak.bhusare@example.com,9123456052
AIDSU24053,RITESH ANIL KALE,B1,ritesh.kale@example.com,9123456053
AIDSU24054,RUGVED PRADIP DUDHE,B1,rugved.dudhe@example.com,9123456054
AIDSU24055,SAISH ANIL MANKAR,B1,saish.mankar@example.com,9123456055
AIDSU24056,SAMARTH RAJENDRA DALU,B1,samarth.dalu@example.com,9123456056
AIDSU24057,SANKET NARENDRA THAKARE,B1,sanket.thakare@example.com,9123456057
AIDSU24058,SHRAVAN SANJAY MALANKAR,B1,shravan.malankar@example.com,9123456058
AIDSU24059,SHREYAS RAHUL SADAR,B1,shreyas.sadar@example.com,9123456059
AIDSU24060,SHREYASH RAJU PATURKAR,B1,shreyash.paturkar@example.com,9123456060
AIDSU24061,SIDDHANT SOHAN RAURALE,B1,siddhant.raurale@example.com,9123456061
AIDSU24062,SOHAM RAJIV POHOKAR,B1,soham.pohokar@example.com,9123456062
AIDSU24063,SUMIT VINOD VISHWAKARMA,B1,sumit.vishwakarma@example.com,9123456063
AIDSU24064,TARUN MURLIDHAR KHILRANI,B1,tarun.khilrani@example.com,9123456064
AIDSU24065,UTKARSH MANOJ BELSARE,B1,utkarsh.belsare@example.com,9123456065
AIDSU24066,VEDANT VIVEK UMBARKAR,B1,vedant.umbarkar@example.com,9123456066
AIDSU24067,YASH GAJANAN ARMALE,B1,yash.armale@example.com,9123456067
AIDSU24068,YASH MOTIRAM MAHALLE,B1,yash.mahalle@example.com,9123456068
AIDSU24069,YASH SANJAY PINJARKAR,B1,yash.pinjarkar@example.com,9123456069
AIDSU24070,ANUSHKA SANJAY DESHMUKH,B2,anushka.deshmukh@example.com,9123456070
AIDSU24071,AASTHA DINESH KAKADE,B2,aastha.kakade@example.com,9123456071
AIDSU24072,AMRUTA SAGAR BANKAR,B2,amruta.bankar@example.com,9123456072
AIDSU24073,APEKSHA ANANTRAO BHUGUL,B2,apeksha.bhugul@example.com,9123456073
AIDSU24074,ASAVARI ANIL GONDOLE,B2,asavari.gondole@example.com,9123456074
AIDSU24075,BHUMIKA KRISHNANI,B2,bhumika.krishnani@example.com,9123456075
AIDSU24076,BHUMIKA SHIRISH NIMKAR,B2,bhumika.nimkar@example.com,9123456076
AIDSU24077,ESHWARI GOPAL BUDAIKAR,B2,eshwari.budaikar@example.com,9123456077
AIDSU24078,ISHWARI PRAVIN KHODASKAR,B2,ishwari.khodaskar@example.com,9123456078
AIDSU24079,JAYA PURUSHOTTAM BHUNTE,B2,jaya.bhunte@example.com,9123456079
AIDSU24080,KHUSHI NANDKUMAR GAJBHIYE,B2,khushi.gajbhiye@example.com,9123456080
AIDSU24081,KHUSHI SHARAD GUPTA,B2,khushi.gupta@example.com,9123456081
AIDSU24082,LINA CHHAGAN SAMRIT,B2,lina.samrit@example.com,9123456082
AIDSU24083,MAHIMA ARUNRAO THAKARE,B2,mahima.thakare@example.com,9123456083
AIDSU24084,MRUDULA ARVIND DAHATONDE,B2,mrudula.dahatonde@example.com,9123456084
AIDSU24085,MUKTAI RAJENDRA GHORMADE,B2,muktai.ghormade@example.com,9123456085
AIDSU24086,NITYA SATISH KHANAPURE,B2,nitya.khanapure@example.com,9123456086
AIDSU24087,PAKHI SONALKUMAR AGRAWAL,B2,pakhi.agrawal@example.com,9123456087
AIDSU24088,PRACHI AJAY CHARODE,B2,prachi.charode@example.com,9123456088
AIDSU24089,PRATHA GANESH KHADOLE,B2,pratha.khadole@example.com,9123456089
AIDSU24090,PRINCESS BALDEV GANGWANI,B2,princess.gangwani@example.com,9123456090
AIDSU24091,PRIYA DIVAKARRAO BONDE,B2,priya.bonde@example.com,9123456091
AIDSU24092,RASHI VINAYAK PIMPALKAR,B2,rashi.pimpalkar@example.com,9123456092
AIDSU24093,RUTUJA MANOHAR GAIKWAD,B2,rutuja.gaikwad@example.com,9123456093
AIDSU24094,SAMIKSHA JAGDISH CHAUDHARI,B2,samiksha.chaudhari@example.com,9123456094
AIDSU24095,SANIKA PRAMOD MENDHE,B2,sanika.mendhe@example.com,9123456095
AIDSU24096,SARTHA LAXMIKANT TAYADE,B2,sartha.tayade@example.com,9123456096
AIDSU24097,SAYALI ABHAYRAO WANKHADE,B2,sayali.wankhade@example.com,9123456097
AIDSU24098,SAYALI KISHOR CHOUDHARI,B2,sayali.choudhari@example.com,9123456098
AIDSU24099,SHARVARI PRAKASH BODKHE,B2,sharvari.bodkhe@example.com,9123456099
AIDSU24100,SHRUTI VINOD RATHOD,B2,shruti.rathod@example.com,9123456100
AIDSU24101,SHWETA SUDHIR KALE,B2,shweta.kale@example.com,9123456101
AIDSU24102,SUHANI PRAVEEN SHRIVASTAVA,B2,suhani.shrivastava@example.com,9123456102
AIDSU24103,URVASHI LOKNATH WANKHADE,B2,urvashi.wankhade@example.com,9123456103
AIDSU24104,VAIDHAHI HIMMATRAO MOHOD,B2,vaidhahi.mohod@example.com,9123456104
AIDSU24105,VANSHIKA VIRENDRA KURALKAR,B2,vanshika.kuralkar@example.com,9123456105
AIDSU24106,VRUNDA SHIVCHARAN MEHARE,B2,vrunda.mehare@example.com,9123456106
AIDSU24107,AADARSH JITENDRA WADATKAR,B2,aadarsh.wadatkar@example.com,9123456107
AIDSU24108,ABDUL REHAN ABDUL NASIR,B2,abdul.rehan@example.com,9123456108
AIDSU24109,AKSHAY SURESH AGRAWAL,B2,akshay.agrawal@example.com,9123456109
AIDSU24110,ARYAN AVINASH DESHMUKH,B2,aryan.deshmukh@example.com,9123456110
AIDSU24111,DEVANSHU RAMESHWAR VIDHATE,B2,devanshu.vidhate@example.com,9123456111
AIDSU24112,DHIRAJ JAGANNATH KAWARKHE,B2,dhiraj.kawarkhe@example.com,9123456112
AIDSU24113,GAURAV VASUDEV KALASKAR,B2,gaurav.kalaskar@example.com,9123456113
AIDSU24114,HARSHAL GANESH KAKAD,B2,harshal.kakad@example.com,9123456114
AIDSU24115,JAY SHRIKANT POTDUKHE,B2,jay.potdukhe@example.com,9123456115
AIDSU24116,JAYKUMAR DATTATRAY DESHMUKH,B2,jaykumar.deshmukh@example.com,9123456116
AIDSU24117,KSHITIJ RAVINDRA PUNDKAR,B2,kshitij.pundkar@example.com,9123456117
AIDSU24118,OM AVINASH NIKAM,B2,om.nikam@example.com,9123456118
AIDSU24119,OM SANDIP WAGH,B2,om.wagh@example.com,9123456119
AIDSU24120,PIYUSH DHANRAJ BHAGWATKAR,B2,piyush.bhagwatkar@example.com,9123456120
AIDSU24121,PRAJWAL SUNIL WANKHADE,B2,prajwal.wankhade@example.com,9123456121
AIDSU24122,PRATHAMESH MOHANRAO PUNKAR,B2,prathamesh.punkar@example.com,9123456122
AIDSU24123,PRATHAMESH RAVINDRA ICHE,B2,prathamesh.iche@example.com,9123456123
AIDSU24124,PREM DEVENDRA WATANE,B2,prem.watane@example.com,9123456124
AIDSU24125,RAJDIP HEMCHANDRA KHARATE,B2,rajdip.kharate@example.com,9123456125
AIDSU24126,ROHAN GANESH ANDHALE,B2,rohan.andhale@example.com,9123456126
AIDSU24127,SAHIL MANGESH GAWANDE,B2,sahil.gawande@example.com,9123456127
AIDSU24128,SHANTANU NITIN DESHMUKH,B2,shantanu.deshmukh@example.com,9123456128
AIDSU24129,SHEHROZ HUSAIN ZAKIR AHMAD,B2,shehroz.ahmad@example.com,9123456129
AIDSU24130,SHREYASH RAJESH AMBULKAR,B2,shreyash.ambulkar@example.com,9123456130
AIDSU24131,SIDDHARTH GAJANAN TALOKAR,B2,siddharth.talokar@example.com,9123456131
AIDSU24132,SUYASH SUBHASH KAWARKHE,B2,suyash.kawarkhe@example.com,9123456132
AIDSU24133,VEDANT RAJESH RAJURKAR,B2,vedant.rajurkar@example.com,9123456133
AIDSU24134,VINIT GANPAT NIWALKAR,B2,vinit.niwalkar@example.com,9123456134
AIDSU24135,VISHWAJIT RAJESH KHADE,B2,vishwajit.khade@example.com,9123456135
AIDSU24136,VYANKTESH SATISH DUDHADMAL,B2,vyanktesh.dudhadmal@example.com,9123456136
AIDSU24137,YADNYESH SANTOSH VILAYATE,B2,yadnyesh.vilayate@example.com,9123456137
AIDSU24138,YUVRAJ MAHESH SURYAWANSHI,B2,yuvraj.suryawanshi@example.com,9123456138
AIDSU24139,AACHAL SUNIL AMRUTKAR,B3,aachal.amrutkar@example.com,9123456139
AIDSU24140,ANCHAL SANJAYRAO KALE,B3,anchal.kale@example.com,9123456140
AIDSU24141,ANUSHKA SANJAY MAHORE,B3,anushka.mahore@example.com,9123456141
AIDSU24142,ANUSHRI UMESH DUDHE,B3,anushri.dudhe@example.com,9123456142
AIDSU24143,ARPITA ANIL ADHALAGE,B3,arpita.adhalage@example.com,9123456143
AIDSU24144,ARYA SANJAY CHARTHAD,B3,arya.charthad@example.com,9123456144
AIDSU24145,DHANASHRI MAHENDRA VIKHE,B3,dhanashri.vikhe@example.com,9123456145
AIDSU24146,TANVI ASHISH RAUT,B3,dipali.kapse@example.com,9123456146
AIDSU24147,GUNJAN AMOL UMAP,B3,gunjan.umap@example.com,9123456147
AIDSU24148,JANHAVI GANESHRAO PUND,B3,janhavi.pund@example.com,9123456148
AIDSU24149,KHUSHI NITIN MAHALLE,B3,khushi.mahalle@example.com,9123456149
AIDSU24150,MANJIRI MORESHWAR MAHALLE,B3,manjiri.mahalle@example.com,9123456150
AIDSU24151,MAYURI PRAMOD NIKAM,B3,mayuri.nikam@example.com,9123456151
AIDSU24152,MAYURI SANJAY RATHOD,B3,mayuri.rathod@example.com,9123456152
AIDSU24153,NIHARIKA SATISHRAO GEDAM,B3,niharika.gedam@example.com,9123456153
AIDSU24154,POOJA DASHARATH ZATALE,B3,pooja.zatale@example.com,9123456154
AIDSU24155,PRACHI RAOSAHEB GORE,B3,prachi.gore@example.com,9123456155
AIDSU24156,RAJESHVARI SANDIP ZOD,B3,rajeshvari.zod@example.com,9123456156
AIDSU24157,SAKSHI BHASHKARRAO FATKAR,B3,sakshi.fatkar@example.com,9123456157
AIDSU24158,SAKSHI RAJESH NANNORE,B3,sakshi.nannore@example.com,9123456158
AIDSU24159,SAKSHI VIJAY RAUT,B3,sakshi.raut@example.com,9123456159
AIDSU24160,SAMRUDDHI SHIVAJI BORKAR,B3,samruddhi.borkar@example.com,9123456160
AIDSU24161,SANCHITA PRASHANT BAKALE,B3,sanchita.bakale@example.com,9123456161
AIDSU24162,SANIKA MANIK MODAK,B3,sanika.modak@example.com,9123456162
AIDSU24163,SANIKA SUDHAKAR NAWARE,B3,sanika.naware@example.com,9123456163
AIDSU24164,SANIKA VINODRAO INGOLE,B3,sanika.ingle@example.com,9123456164
AIDSU24165,SHRAVANI MANOJ PATIL,B3,shravani.patil@example.com,9123456165
AIDSU24166,SHRAWANI MAHESH GIRI,B3,shrawani.giri@example.com,9123456166
AIDSU24167,SHRUTIKA NANDKISHOR ARBAT,B3,shrutika.arbat@example.com,9123456167
AIDSU24168,SHVETA MUKUND KALE,B3,shveta.kale@example.com,9123456168
AIDSU24169,SIYA JAGATSING CHHTRI,B3,siya.chhtri@example.com,9123456169
AIDSU24170,SOUMYA PARAG PANDE,B3,soumya.pande@example.com,9123456170
AIDSU24171,SRUSHTI MURLIDHAR MESHRAM,B3,srushti.meshram@example.com,9123456171
AIDSU24172,AFTAB KHAN AYYUB KHAN,B3,aftab.khan@example.com,9123456172
AIDSU24173,ALTAF KHAN AMJAD KHAN,B3,altaf.khan@example.com,9123456173
AIDSU24174,ANSHUL ARVIND MANKAR,B3,anshul.mankar@example.com,9123456174
AIDSU24175,ARYAN RAMESH WANKHADE,B3,aryan.wankhade@example.com,9123456175
AIDSU24176,ATHARVA BANDU BHAKARE,B3,atharva.bhakare@example.com,9123456176
AIDSU24177,BHUSHAN VIJAY CHINCHKHEDE,B3,bhushan.chinchkhede@example.com,9123456177
AIDSU24178,DEVESH PRADIP BHAGTANI,B3,devesh.bhagtani@example.com,9123456178
AIDSU24179,JAY SHIVCHARAN SATANGE,B3,jay.satange@example.com,9123456179
AIDSU24180,KUNAL ASHOK SHRINATH,B3,kunal.shrinath@example.com,9123456180
AIDSU24181,MAHESH MANOHAR JADHAV,B3,mahesh.jadhav@example.com,9123456181
AIDSU24182,MILIND RAJU WAGHMARE,B3,milind.waghmare@example.com,9123456182
AIDSU24183,MOHAMMAD SAAD MOHAMMAD FAROOQUE,B3,mohammad.saad@example.com,9123456183
AIDSU24184,OM PRAMODRAO BHAJBHUJE,B3,om.bhajbguje@example.com,9123456184
AIDSU24185,OM TRYAMBAK BUNDHE,B3,om.bundhe@example.com,9123456185
AIDSU24186,OM VIDYANAND DESHMUKH,B3,om.deshmukh@example.com,9123456186
AIDSU24187,PAYGHAN GANESHRAO SHASHVAT,B3,payghan.shashvat@example.com,9123456187
AIDSU24188,PIYUSH PRAVIN HARKARE,B3,piyush.harkare@example.com,9123456188
AIDSU24189,PIYUSH RAMKISHOR TAWRI,B3,piyush.tawri@example.com,9123456189
AIDSU24190,PRAJWAL SUNIL SHENDE,B3,prajwal.shende@example.com,9123456190
AIDSU24191,PRANAV PRAKASH MAIRAL,B3,pranav.mairal@example.com,9123456191
AIDSU24192,ROHIT CHANDRASEN KAMBLE,B3,rohit.kamble@example.com,9123456192
AIDSU24193,RUDRESH NAGORAO RAVEKAR,B3,rudresh.ravekar@example.com,9123456193
AIDSU24194,SAISH SUNIL BURGHATE,B3,saish.burghate@example.com,9123456194
AIDSU24195,SARVADNYA VIJAYRAO PATANKAR,B3,sarvadnya.patankar@example.com,9123456195
AIDSU24196,SAYYAD MUSAIB ALI SAYYAD AHMAD ALI,B3,sayyad.musaib@example.com,9123456196
AIDSU24197,SHRAVAN RANJIT UMALE,B3,shravan.umale@example.com,9123456197
AIDSU24198,SHRIPAD SHYAM INGOLE,B3,shripad.ingle@example.com,9123456198
AIDSU24199,SOHAM NILESH BORODE,B3,soham.borode@example.com,9123456199
AIDSU24200,TUSHAR PRAFUL GANMUKHE,B3,tushar.ganmukhe@example.com,9123456200
AIDSU24201,VEDANT RAJESH DAHANE,B3,vedant.dahane@example.com,9123456201
AIDSU24202,VEDANT VILAS INGALE,B3,vedant.ingale@example.com,9123456202
AIDSU24203,VINIT VITTHAL KARNKAR,B3,vinit.karnkar@example.com,9123456203
AIDSU24204,VISHAL VIJAY JAYALE,B3,vishal.jayale@example.com,9123456204
AIDSU24205,YASH PRADIP RAJANKAR,B3,yash.rajankar@example.com,9123456205
AIDSU24206,YASH RAMKRUSHNA RAUT,B3,yash.raut@example.com,9123456206
AIDSU24207,YASH VINOD DUDHE,B3,yash.dudhe@example.com,9123456207
AIDSU24207,YASH VINOD DUDHE,B3,yash.dudhe@example.com,9123456207
